"Workwear, Techwear, Dandy"
"Casual, Workwear, Street"
"Casual, Workwear, Chic"
"Casual, Workwear, Street"
"Casual, Workwear, Dandy"
"Street, Goth, Dandy"
"Casual, Street, Vintage"
"Casual, Workwear, Dandy"
"Workwear, Street, Dandy"
"Casual, Street, Dandy"
"Casual, Grunge, Dandy"
"Casual, Workwear, Techwear"
"Street, Grunge, Techwear"
"Casual, Workwear, Dandy"
"Street, Vintage, Techwear"
"Street, Grunge, Techwear"
"Goth, Techwear"
"Casual, Athleisure, Street"
"Casual, Street, Dandy"
"Casual, Workwear, Street"
"Casual, Street, Chic"
"Casual, Street, Grunge"
"Casual, Workwear, Dandy"
"Casual, Workwear, Grunge"
"Workwear, Street, Techwear"
"Casual, Street, Techwear"
"Casual, Street, Chic"
"Workwear, Preppy, Dandy"
"Casual, Vintage, Chic"
"Workwear, Street, Chic"
"Workwear, Chic, Grunge"
"Casual, Bohemian, Dandy"
"Casual, Workwear, Athleisure"
"Casual, Grunge, Dandy"
"Casual, Techwear, Dandy"
"Casual, Workwear, Chic"
"Casual, Athleisure, Chic"
"Street, Chic, Bohemian"
"Street, Grunge, Techwear"
"Casual, Athleisure, Street"
"Casual, Workwear, Vintage"
"Athleisure, Street, Grunge"
"Casual, Workwear, Preppy"
"Casual, Workwear, Street"
"Casual, Workwear, Athleisure"
"Casual, Chic, Preppy"
"Casual, Street, Chic"
"Casual, Street, Grunge"
"Casual, Street, Vintage"
"Casual, Chic, Bohemian"
"Casual, Workwear, Street"
"Casual, Street, Chic"
"Casual, Workwear, Dandy"
"Casual, Workwear, Vintage"
"Casual, Workwear, Dandy"
"Casual, Street, Chic"
"Casual, Workwear, Dandy"
"Casual, Athleisure, Street"
"Casual, Athleisure, Vintage"
"Casual, Vintage, Dandy"
"Casual, Athleisure, Street"
"Street, Vintage, Chic"
"Street, Vintage, Chic"
"Casual, Workwear, Goth"
"Casual, Street, Chic"
"Casual, Street, Chic"
"Street, Vintage, Chic"
"Casual, Athleisure, Street"
"Athleisure, Preppy, Bohemian"
"Workwear, Vintage, Bohemian"
"Casual, Street, Preppy"
"Casual, Workwear, Vintage"
"Casual, Workwear, Street"
"Casual, Workwear, Chic"
"Casual, Workwear, Chic"
"Casual, Workwear, Street"
"Workwear, Techwear, Dandy"
"Casual, Street, Chic"
"Casual, Street, Preppy"
"Casual, Street, Chic"
"Casual, Workwear, Street"
"Chic, Preppy, Bohemian"
"Casual, Workwear, Street"
"Casual, Chic, Grunge"
"Street, Vintage, Bohemian"
"Casual, Vintage, Dandy"
"Casual, Workwear, Dandy"
"Casual, Workwear, Street"
"Casual, Workwear, Dandy"
"Casual, Workwear, Dandy"
"Casual, Athleisure, Chic"
"Workwear, Athleisure, Street"
"Vintage, Chic, seethrough loom"
"Casual, Workwear, Street"
"Casual, Workwear, Dandy"
"Casual, Workwear, Dandy"
"Casual, Vintage, Dandy"
"Casual, Workwear, Dandy"
"Casual, Workwear, Dandy"
"Casual, Workwear, Dandy"
"Casual, Street, Chic"
"Casual, Workwear, Dandy"
"Casual, Workwear, Dandy"
"Workwear, Street, Techwear"
"Workwear, Techwear, Dandy"
"Casual, Workwear, Dandy"
"Casual, Workwear, Dandy"
"Casual, Workwear, Dandy"
"Casual, Workwear, Chic"
"Casual, Chic, Dandy"
"Casual, Workwear, Grunge"
"Casual, Vintage, Chic"
"Casual, Workwear, Dandy"
"Casual, Workwear, Street"
"Casual, Workwear, Bohemian"
"Casual, Workwear, Chic"
"Casual, Street, Dandy"
"Casual, Vintage, Preppy"
"Casual, Bohemian, Dandy"
"Street, Chic, Bohemian"
"Casual, Workwear, Dandy"
"Workwear, Techwear, "
"Casual, Workwear, Dandy"
"Casual, Street, Chic"
"Casual, Workwear, Dandy"
"Workwear, Chic, Preppy"
"Casual, Preppy, Grunge"
"Vintage, Chic, Bohemian"
"Casual, Street, Dandy"
"Casual, Workwear, Dandy"
"Street, Grunge,"
"Casual, Workwear, Vintage"
"Casual, Street, Chic"
"Casual, Athleisure, Street"
"Casual, Workwear, Dandy"
"Chic, Preppy, Grunge"
"Casual, Street, Chic"
"Vintage, Techwear, Dandy"
"Casual, Workwear, Chic"
"Workwear, Chic, Grunge"
"Casual, Street, Chic"
"Casual, Workwear, Vintage"
"Street, Vintage, Grunge"
"Street, Chic, Grunge"
"Street, Vintage, Chic"
"Casual, Athleisure, Street"
"Casual, Athleisure, Street"
"Casual, Chic, Preppy"
"Street, Chic, Bohemian"
"Workwear, Athleisure, Street"
"Casual, Workwear, Athleisure"
"Casual, Street, Grunge"
"Casual, Athleisure, Street"
"Casual, Vintage, Preppy"
"Athleisure, Street, Dandy"
"Street, Chic, Techwear"
"Casual, Athleisure, Street"
"Casual, Street, Grunge"
"Workwear, Chic, Preppy"
"Street, Chic, Grunge"
"Workwear, Street, Chic"
"Casual, Street, Grunge"
"Street, Vintage, Chic"
"Workwear, Athleisure, Chic"
"Casual, Street, Grunge"
"Casual, Workwear, Grunge"
